{"repoSenseVersion":"524076bfc5","reportGeneratedTime":"Wed, 29 Oct 2025 15:22:59 UTC","reportGenerationTime":" 1.33 second(s)","zoneId":"Etc/UTC","reportTitle":"RepoSense Report","repos":[{"location":{"location":"https://github.com/IgnacioCasula/LaMercedComestiblesSuper.git","repoName":"LaMercedComestiblesSuper","organization":"IgnacioCasula","domainName":"github"},"branch":"master","displayName":"IgnacioCasula/LaMercedComestiblesSuper[master]","outputFolderName":"IgnacioCasula_LaMercedComestiblesSuper_master","sinceDate":"2025-09-29T00:00:00","untilDate":"2025-10-29T23:59:59"},{"location":{"location":"https://github.com/JorgeRQuiroga/AtleticGYM.git","repoName":"AtleticGYM","organization":"JorgeRQuiroga","domainName":"github"},"branch":"main","displayName":"JorgeRQuiroga/AtleticGYM[main]","outputFolderName":"JorgeRQuiroga_AtleticGYM_main","sinceDate":"2025-09-29T00:00:00","untilDate":"2025-10-29T23:59:59"}],"errorSet":[],"sinceDate":"2025-09-29T00:00:00","untilDate":"2025-10-29T23:59:59","isSinceDateProvided":false,"isUntilDateProvided":false,"supportedDomainUrlMap":{"NOT_RECOGNIZED":{"BRANCH":"","REPO_URL":"UNSUPPORTED","BASE_URL":"UNSUPPORTED","HISTORY_PATH":"","COMMIT_PATH":"","BLAME_PATH":""},"github":{"BRANCH":"tree/$BRANCH","REPO_URL":"https://github.com/$ORGANIZATION/$REPO_NAME/","BASE_URL":"https://github.com/","HISTORY_PATH":"commits/$BRANCH/$FILE_PATH","COMMIT_PATH":"commit/$COMMIT_HASH","BLAME_PATH":"blame/$BRANCH/$FILE_PATH"}},"isAuthorshipAnalyzed":false,"repoBlurbs":{"blurbMap":{}},"authorBlurbs":{"blurbMap":{}},"chartBlurbs":{"blurbMap":{}},"isPortfolio":false}
