{"authorDailyContributionsMap":{"facu":[],"NATA":[],"aaron arias cordoba":[],"Jose Natanael Tejerina":[],"facuherrera23":[],"ignacio casula":[],"AriasCordobaAaron":[],"IgnacioCasula":[]},"authorFileTypeContributionMap":{"facu":{"LaMercedComestiblesSuper":0},"NATA":{"LaMercedComestiblesSuper":0},"aaron arias cordoba":{"LaMercedComestiblesSuper":0},"Jose Natanael Tejerina":{"LaMercedComestiblesSuper":0},"facuherrera23":{"LaMercedComestiblesSuper":0},"ignacio casula":{"LaMercedComestiblesSuper":0},"AriasCordobaAaron":{"LaMercedComestiblesSuper":0},"IgnacioCasula":{"LaMercedComestiblesSuper":0}},"authorContributionVariance":{"facu":0.0,"NATA":0.0,"aaron arias cordoba":0.0,"Jose Natanael Tejerina":0.0,"facuherrera23":0.0,"ignacio casula":0.0,"AriasCordobaAaron":0.0,"IgnacioCasula":0.0},"authorDisplayNameMap":{"facu":"facu","NATA":"nata","aaron arias cordoba":"aaron arias cordoba","Jose Natanael Tejerina":"Jose Natanael Tejerina","facuherrera23":"facuherrera23","ignacio casula":"ignacio casula","AriasCordobaAaron":"AriasCordobaAaron","IgnacioCasula":"IgnacioCasula"}}
